{"train_accuracy":0.9394666666666667,"test_accuracy":0.9251,"_wandb":{"runtime":25},"_runtime":25,"loss":0.03427851697879285,"_timestamp":1.7728379035920203e+09,"_step":9380}