{"_timestamp":1.7728387940814557e+09,"train_accuracy":0.95745,"test_accuracy":0.9515,"_wandb":{"runtime":41},"_runtime":41,"_step":9380,"loss":0.0002960540146937232}