{"loss":4.645879619097825,"_timestamp":1.7728373795780709e+09,"_step":9380,"train_accuracy":0.5607833333333333,"test_accuracy":0.5587,"_runtime":27,"_wandb":{"runtime":27}}