{"_wandb":{"runtime":32},"_runtime":32,"_step":9380,"loss":0.36873453990419613,"_timestamp":1.7728381790628014e+09,"test_accuracy":0.8801,"train_accuracy":0.8744333333333333}