{"_step":4690,"loss":0.30116131565558907,"train_accuracy":0.9187666666666666,"test_accuracy":0.923,"_wandb":{"runtime":27},"_runtime":27,"_timestamp":1.772838950292386e+09}