{"_runtime":33,"_step":9380,"loss":0.017787620900193972,"_timestamp":1.7728372597190845e+09,"train_accuracy":0.9825166666666667,"test_accuracy":0.9717,"_wandb":{"runtime":33}}