{"train_accuracy":0.8631666666666666,"test_accuracy":0.8537,"_wandb":{"runtime":73},"_runtime":73,"loss":1.2142632312680386,"_timestamp":1.772838896852249e+09,"_step":18750}