{"loss":0.9968909214837175,"_timestamp":1.7728382295143852e+09,"train_accuracy":0.8245166666666667,"test_accuracy":0.8143,"_wandb":{"runtime":28},"_runtime":28,"_step":9380}