{"loss":0.0028483095683722575,"_timestamp":1.7728376712753017e+09,"_step":9380,"train_accuracy":0.9945833333333334,"test_accuracy":0.9736,"_runtime":30,"_wandb":{"runtime":30}}