{"_step":9380,"train_accuracy":0.9881333333333333,"test_accuracy":0.977,"_runtime":21,"_wandb":{"runtime":21},"loss":0.21043828162934466,"_timestamp":1.7728375882838807e+09}