{"_step":4690,"loss":0.16208739239505746,"_timestamp":1.7728385854684572e+09,"test_accuracy":0.9404,"train_accuracy":0.9625,"_wandb":{"runtime":20},"_runtime":20}