{"test_accuracy":0.9787,"train_accuracy":0.9942333333333333,"_wandb":{"runtime":38},"_runtime":38,"loss":0.04368452790294847,"_timestamp":1.7728377596648858e+09,"_step":18750}