{"_timestamp":1.7728380515588772e+09,"train_accuracy":0.8681833333333333,"test_accuracy":0.8575,"_wandb":{"runtime":47},"_runtime":47,"_step":18750,"loss":1.544120152292652}