{"test_accuracy":0.8905,"_wandb":{"runtime":24},"_runtime":24,"_step":4690,"loss":0.4880904776492537,"_timestamp":1.7728375404909508e+09,"train_accuracy":0.9049}