{"test_accuracy":0.1135,"val_accuracy":0.11183333333333334,"_timestamp":1.772894336834318e+09,"train_accuracy":0.11242592592592593,"_wandb":{"runtime":76},"grad_norm_first_layer":1.9620862091155226e-17,"train_loss":12302.228017427724,"sample_images":{"sha256":"69d2db7c5f6abffdab78989932ff6a7bcc4710b34b51bf2f96a9306c046980be","ncols":2,"log_mode":"IMMUTABLE","nrows":50,"size":741,"_latest_artifact_path":"wandb-client-artifact://i9vbxknwjycz68lle31nkfsa2cgjv2vhl9jkkgfms3nt49sneuro14dr83y43gba0gtqmg980l1060e8tccbx4mghc68jw6ekc99bd65ccr1oajgijcure3aqdc3aylp:latest/sample_images.table.json","path":"media/table/sample_images_0_69d2db7c5f6abffdab78.table.json","artifact_path":"wandb-client-artifact://ah0j496yz81ryenbvl21jhq9ciz0d89rnzcn7wucjhdkj9vs92zr1l5es97icey79vrlu8k0a8qsijcgy4v08v5y333a8fyem8hsni55q39e8usotc2ibd9myhfe1o6t/sample_images.table.json","_type":"table-file"},"_runtime":76,"_step":8451}