{"test_accuracy":0.9408,"_wandb":{"runtime":21},"_runtime":21,"_step":4690,"loss":0.06786698044340522,"_timestamp":1.7728374920580008e+09,"train_accuracy":0.96265}