{"_wandb":{"runtime":22},"_runtime":22,"_step":4690,"loss":5.797576391399036,"_timestamp":1.772838654719864e+09,"train_accuracy":0.37816666666666665,"test_accuracy":0.3868}