{"loss":0.06872219149323419,"_timestamp":1.7728379929630964e+09,"_step":9380,"train_accuracy":0.9156833333333333,"test_accuracy":0.9116,"_runtime":26,"_wandb":{"runtime":26}}