{"_wandb":{"runtime":28},"_runtime":28,"_step":9380,"loss":0.1313341015425149,"_timestamp":1.77283811303569e+09,"test_accuracy":0.9734,"train_accuracy":0.9823166666666666}