{"test_accuracy":0.8914,"_wandb":{"runtime":37},"_runtime":37,"loss":0.7572986623874784,"_timestamp":1.772837316354658e+09,"_step":9380,"train_accuracy":0.8989333333333334}