{"_step":18750,"loss":0.7989439156153861,"_timestamp":1.772838514189674e+09,"train_accuracy":0.8626,"test_accuracy":0.8582,"_runtime":39,"_wandb":{"runtime":39}}