{"train_accuracy":0.9977166666666667,"test_accuracy":0.9784,"_wandb":{"runtime":24},"_runtime":24,"loss":0.02357623179880271,"_timestamp":1.7728384550605874e+09,"_step":4690}