{"train_loss":52.92470655482805,"val_accuracy":0.9733333333333334,"_timestamp":1.7728921222396421e+09,"grad_norm_first_layer":0.5060295777134173,"train_accuracy":0.9841111111111112,"_step":4226,"sample_images":{"_latest_artifact_path":"wandb-client-artifact://4vnzeiy2tqt0996hmwsxa3orrdc3p35vtwdb5j91exrzi60c31d3fqbxo2cz9b5qp09rfok2815m01org0ugyepu35a7pv9hjsnr30qraxb5cnxywndohibi96t8oitv:latest/sample_images.table.json","path":"media/table/sample_images_0_69d2db7c5f6abffdab78.table.json","artifact_path":"wandb-client-artifact://bol3lwaflkt7hi3vovc4cxnls1om2eip0c4bxpzvzuo9ze49h0ohapc8k1h4qt51llfynp870umja51sh0ij96nmn9jwbdrfhpckd6o8y0vk8y40anpo5emrei39gp7t/sample_images.table.json","sha256":"69d2db7c5f6abffdab78989932ff6a7bcc4710b34b51bf2f96a9306c046980be","log_mode":"IMMUTABLE","ncols":2,"_type":"table-file","size":741,"nrows":50},"_wandb":{"runtime":18},"_runtime":18,"test_accuracy":0.974}