{"test_accuracy":0.9781,"train_accuracy":0.9969629629629629,"_runtime":43,"val_accuracy":0.9778333333333333,"dead_neuron_fraction":0.57411875,"train_loss":0.8006928833916587,"sample_images":{"nrows":50,"ncols":2,"_latest_artifact_path":"wandb-client-artifact://nfky04odlqqmaeilq2l553231jfda4abhcj98mvm0epmhhjz4ucixh2p2tgw6lzp6owb36pggteq294mvnqa8z51mflg0dkp5hjmeaq30z131zxq7b08jle3f0mpv4nd:latest/sample_images.table.json","log_mode":"IMMUTABLE","sha256":"69d2db7c5f6abffdab78989932ff6a7bcc4710b34b51bf2f96a9306c046980be","size":741,"_type":"table-file","path":"media/table/sample_images_0_69d2db7c5f6abffdab78.table.json","artifact_path":"wandb-client-artifact://o68h99dxy6j0zsgdtr85q3msnzyxcp2fq9umgz4ydlvddzekx59zarn4jyu853074we1halt6q3yz0vkkzvktfu1yfii0a8uwxw4gaztajyxf9s4re53f78luvx0ehit/sample_images.table.json"},"_step":16894,"_timestamp":1.7728956422468019e+09,"_wandb":{"runtime":43},"grad_norm_first_layer":0.07770613933581218}