{"test_accuracy":0.8235,"_wandb":{"runtime":32},"_runtime":32,"loss":1.137422443730048,"_timestamp":1.7728382820781238e+09,"_step":9380,"train_accuracy":0.82825}