{"test_accuracy":0.9101,"_wandb":{"runtime":25},"_runtime":25,"loss":0.1560277085635462,"_timestamp":1.772837940702338e+09,"_step":4690,"train_accuracy":0.9474}