{"_timestamp":1.7728387297491899e+09,"test_accuracy":0.9309,"train_accuracy":0.9290166666666667,"_wandb":{"runtime":20},"_runtime":20,"_step":4690,"loss":0.2641662286210594}