{"_step":18750,"loss":0.20150508858811006,"_timestamp":1.7728383974492426e+09,"train_accuracy":0.90885,"test_accuracy":0.914,"_runtime":34,"_wandb":{"runtime":34}}