{"test_accuracy":0.9777,"_wandb":{"runtime":39},"_runtime":39,"_timestamp":1.772837455454225e+09,"_step":18750,"loss":0.0060538090382819204,"train_accuracy":0.9916166666666667}